{
  "astralsorcery:root": {
    "criteria": {
      "astralsorcery_present": "2020-08-24 19:19:22 +1000"
    },
    "done": true
  },
  "iceandfire:iceandfire/root": {
    "criteria": {
      "tick": "2020-08-24 19:19:22 +1000"
    },
    "done": true
  },
  "projecte:transmutation_table": {
    "criteria": {
      "trans_table": "2020-08-24 19:20:36 +1000"
    },
    "done": true
  },
  "minecraft:adventure/adventuring_time": {
    "criteria": {
      "plains": "2020-08-24 19:19:22 +1000"
    },
    "done": false
  }
}